{
    "web": {
        "client_id": "503356150905-5apj9pddv2m06jgu1oaq7mptk199q91u.apps.googleusercontent.com",
        "project_id": "week11-443413",
        "auth_uri": "https://accounts.google.com/o/oauth2/auth",
        "token_uri": "https://oauth2.googleapis.com/token",
        "auth_provider_x509_cert_url": "https://www.googleapis.com/oauth2/v1/certs",
        "client_secret": "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",
        "redirect_uris": [
            "http://localhost:3000/auth/google/callback"
        ]
    }
}